gemma4-e4b	test	ctx-paragraph__title-0__outlet-none__en__named	ok
gemma4-e4b	test	ctx-paragraph__title-0__outlet-swapped__en__named	ok
gemma4-e4b	test	ctx-paragraph__title-0__outlet-true__en__named	ok
gemma4-e4b	test	ctx-paragraph__title-1__outlet-none__en__named	ok
gemma4-e4b	test	ctx-phrase__title-0__outlet-none__en__named	ok
gemma4-e4b	test	ctx-phrase__title-1__outlet-none__en__named	ok
gemma4-e4b	test	ctx-sentence__title-0__outlet-none__en__named	ok
gemma4-e4b	test	ctx-article__title-0__outlet-none__en__named	ok
gemma4-e4b	test	ctx-article__title-0__outlet-none__en__unnamed	ok
gemma4-e4b	test	ctx-paragraph__title-0__outlet-none__en__unnamed	ok
gemma4-12b	test	ctx-paragraph__title-0__outlet-none__en__named	ok
gemma4-12b	test	ctx-paragraph__title-0__outlet-swapped__en__named	ok
gemma4-12b	test	ctx-paragraph__title-0__outlet-true__en__named	ok
gemma4-12b	test	ctx-paragraph__title-1__outlet-none__en__named	ok
gemma4-12b	test	ctx-phrase__title-0__outlet-none__en__named	ok
gemma4-12b	test	ctx-phrase__title-1__outlet-none__en__named	ok
gemma4-12b	test	ctx-sentence__title-0__outlet-none__en__named	ok
gemma4-12b	test	ctx-article__title-0__outlet-none__en__named	ok
gemma4-12b	test	ctx-article__title-0__outlet-none__en__unnamed	ok
gemma4-12b	test	ctx-paragraph__title-0__outlet-none__en__unnamed	ok
